_id,race,date,horseId,WFA,age,allowance,bestTime,code,colour,currentRating,dam,daysSinceLastRace,draw,gear,handicapWeight,horseCode,horseNumber,horseWeight,horseWeightChange,importCategory,internationalRating,isStandBy,jockey,lastSixRuns,name_ch,name_en,overweight,owner,priority,rating,ratingChange,seasonStakes,sex,sire,trainer,trainerPreference,trumpCard,class,distance,going,money,racecourse,racetrack,ratingLower,ratingUpper,time,venue,name,country,damsire,birthYear,startOfSeasonRating,totalStakes,drawBiasScore,speedRating,SRMISDATA,newDist,jocPlacePercent,jocWinPercent,jocMisData,trainerWinPercent,trainerPlacePercent,trainerMisData,avglbw,AGEMISDATA,goingBias,raceCount,classChange,winRate,placeRate
67c4b3a124d83f79bd9f3090,1,2025-05-10,HK_2022_H331,0,5,0,1.34.95,H331,Brown,42,La Belle Maison,24,7,B2/TT,135,H331,1,1028,-10,PP,0,False,LDE,7/8/9/5/10/7,賞豐泰,ACCOLADE START,,Edward Chan King Sang,+ 1,40,-2,40950,Gelding,Gregorian,EDJ,1,True,5,1600,GOOD,875000,C,TURF,0,40,13:00,ST,ACCOLADE START,IRE,Titus Livius,2020,57,106050,7.238095238095238,-1632.0588235294117,0,0,20.7207,6.3063,0,10.084,26.8908,0,8.25,0,8.555555555555555,17,noChange,0.0,0.0
67c4b3a124d83f79bd9f31e6,1,2025-05-10,HK_2023_J250,0,4,0,1.34.88,J250,Bay,40,Sinnfonia,27,10,CP/TT,135,J250,2,1192,-13,PPG,0,False,OJM,4/7/3/5/7/12,勝得福,BEAUTIFUL WIN,,Sandia Yit Lau Ying Lam & Yit Kwok Leung,* 1,40,-1,245700,Gelding,Ace High,SWY,1,False,5,1600,GOOD,875000,C,TURF,0,40,13:00,ST,BEAUTIFUL WIN,NZ,Sinndar,2021,51,245700,7.530612244897959,-655.5555555555555,0,0,16.9643,4.4643,0,7.5758,25.0,0,99.0,0,7.0,9,noChange,0.0,33.3333
67c4b3a124d83f79bd9f31e9,1,2025-05-10,HK_2024_K110,0,3,10,,K110,Bay,42,Maneo Invictus,20,11,V/TT,135,K110,3,1160,-15,PPG,0,False,WPN,5/10/5/6/6/4,肥仔精神,JOLLY JUMPER,,23/24 Benno Yung Tin Pang Trainer Syndicate (2),+ 1,40,-2,157950,Gelding,Belardo,YTP,1,True,5,1600,GOOD,875000,C,TURF,0,40,13:00,ST,JOLLY JUMPER,NZ,Volksraad,2022,52,157950,7.488888888888889,-636.25,0,0,17.3913,7.2464,0,5.8824,23.5294,0,99.0,0,8.0,8,noChange,0.0,0.0
67c4b3a124d83f79bd9f3081,1,2025-05-10,HK_2023_J252,0,4,0,1.34.77,J252,Chestnut,36,Pure Choice,31,5,,131,J252,4,1039,-16,PPG,0,False,AVB,9/3/7/5/2/5,駿彩飛馳,SMASHING EXPRESS,,Frances Yung Li Fong,+ 1,36,-2,446250,Gelding,Churchill,SJJ,1,True,5,1600,GOOD,875000,C,TURF,0,40,13:00,ST,SMASHING EXPRESS,AUS,Choisir,2021,48,446250,6.679245283018868,-951.5384615384615,0,0,33.3333,12.1212,0,15.2284,38.5787,0,3.625,0,6.285714285714286,13,noChange,0.0,33.3333
67c4b3a124d83f79bd9f40d7,1,2025-05-10,HK_2023_J255,0,3,0,,J255,Bay,36,Our Lonnie,146,2,CP1,131,J255,5,1085,2,PPG,0,False,AA,13/12/12/13/7/11,紅旺繽紛,SUPREME WINNER,,Six Lucky Boys Syndicate,* 1,36,-3,0,Gelding,Epaulette,YCH,1,False,5,1600,GOOD,875000,C,TURF,0,40,13:00,ST,SUPREME WINNER,AUS,Lonhro,2022,47,0,6.169811320754717,-1748.888888888889,0,0,33.8983,15.2542,0,7.6923,19.2308,0,99.0,0,11.4,9,noChange,0.0,0.0
67c4b3a124d83f79bd9f3f22,1,2025-05-10,HK_2021_G477,0,6,0,1.34.69,G477,Grey,35,Layla Jamil,45,14,B/H/TT,130,G477,6,1107,2,ISG,0,False,BA,8/9/14/12/12/7,美麗多盈,SMART BEAUTY,,Beauty Team Syndicate,* 1,35,-2,0,Gelding,Dark Angel,CAS,1,False,5,1600,GOOD,875000,C,TURF,0,40,13:00,ST,SMART BEAUTY,IRE,Exceed And Excel,2019,46,2705850,8.31578947368421,-1499.7297297297298,0,0,24.3902,10.9756,0,7.0423,21.1268,0,5.75,0,6.851851851851852,37,noChange,0.0,0.0
67c4b3a124d83f79bd9f4097,1,2025-05-10,HK_2022_H447,0,4,0,,H447,Bay,34,Waiana Gold,20,9,TT,129,H447,7,972,0,PPG,0,False,FEL,2/3/11/6/7/7,富裕君子,FAMILY FORTUNE,,"Tony Stradmoor, Billy Li Sze Kuen, Norman Stradmoor & Russell Stradmoor",+ 1,34,1,301875,Gelding,Derryn,FC,1,True,5,1600,GOOD,875000,C,TURF,0,40,13:00,ST,FAMILY FORTUNE,NZ,Gold Centre,2021,42,301875,7.106796116504855,-1218.1818181818182,0,0,29.0323,8.3871,0,12.4183,29.4118,0,99.0,0,7.333333333333333,11,noChange,0.0,100.0
67c4b3a124d83f79bd9f30ed,1,2025-05-10,HK_2022_H027,0,5,0,1.34.94,H027,Bay,35,Darook Park,17,1,B/TT,128,H027,8,1087,3,PPG,0,False,TBE,7/4/13/11/8/8,武林至尊,STRONGEST BOY,,Ricky Wong Kin Chat & Helen Leung Yee Wan,* 1,33,-2,274800,Gelding,Spirit Of Boom,HDA,1,False,5,1600,GOOD,875000,C,TURF,0,40,13:00,ST,STRONGEST BOY,AUS,Darci Brahma,2020,50,2532900,5.584905660377358,-1171.40625,0,0,17.7966,3.3898,0,9.3264,23.3161,0,3.3333333333333335,0,6.208333333333333,32,noChange,0.0,0.0
67c4b3a124d83f79bd9f409f,1,2025-05-10,HK_2022_H471,0,4,2,1.35.31,H471,Bay,32,Lovetrista,34,13,B,127,H471,9,1034,4,PPG,0,False,CJE,1/10/8/9/8/5,永勝金駒,CHATEAU LE PECHE,,Chan Yuen Lam,* 1,32,5,805000,Gelding,Embellish,TKH,1,False,5,1600,GOOD,875000,C,TURF,0,40,13:00,ST,CHATEAU LE PECHE,NZ,Rock Of Gibraltar,2021,38,962950,7.857142857142857,-1095.2941176470588,0,0,21.0526,4.2105,0,7.8652,24.7191,0,4.25,0,6.090909090909091,17,noChange,50.0,50.0
67c4b3a124d83f79bd9f31c1,1,2025-05-10,HK_2021_G126,0,6,0,1.34.73,G126,Bay,30,Sea Venture,31,3,P/TT,125,G126,10,1170,8,PPG,0,False,PMF,10/4/3/11/7/13,領航傳祺,CASA LEGEND,,Kenneth Wu Kai Chung,+ 1,30,-2,844375,Gelding,Tavistock,CCW,1,True,5,1600,GOOD,875000,C,TURF,0,40,13:00,ST,CASA LEGEND,NZ,Sepoy,2019,31,2352725,6.6761904761904765,-1039.5833333333333,0,0,19.1617,4.7904,0,1.9048,15.2381,0,3.0,0,6.913043478260869,36,noChange,0.0,33.3333
67c4b3a124d83f79bd9f30dc,1,2025-05-10,HK_2022_H326,0,5,3,,H326,Bay,28,Treat,62,8,XB-/TT2,123,H326,11,1075,-13,PPG,0,False,CCY,12/8/13/14/10/11,江南盛,GANGNAM STAR,,Francis & Louise Chan and Aaron Chan,* 1,28,-3,23400,Gelding,Telperion,NPC,1,False,5,1600,GOOD,875000,C,TURF,0,40,13:00,ST,GANGNAM STAR,NZ,Ishiguru,2020,45,937000,6.219047619047619,-1337.0454545454545,0,0,17.2727,7.2727,0,4.8485,22.4242,0,99.0,0,7.842105263157895,22,noChange,0.0,0.0
67c4b3a124d83f79bd9f30da,1,2025-05-10,HK_2022_H374,0,5,0,1.35.85,H374,Brown,25,Lady Mary,62,4,BO1/TT,120,H374,12,1073,1,PPG,0,False,CML,11/6/4/10/10/9,背背龍,LAPRAS,,Elaine Chan Yin Ling,* 1,25,-2,70000,Gelding,Smart Missile,MWK,1,False,5,1600,GOOD,875000,C,TURF,0,40,13:00,ST,LAPRAS,AUS,Dane Shadow,2020,36,268900,6.40566037735849,-1322.6923076923076,0,0,20.6667,5.3333,0,8.6331,23.741,0,2.75,0,8.11111111111111,13,noChange,0.0,0.0
67c4b3a124d83f79bd9f30e0,1,2025-05-10,HK_2023_J163,0,4,2,,J163,Chestnut,26,Schooner Bay,17,6,B/XB,118,J163,13,1055,0,PPG,0,False,MHT,12/13/12/5/12/8,自由奔騰,WINNING TURN,,"Wong Che Kin, Johnny Wong Ka Keung & Andrew Lee Ying Biu",+ 1,23,-3,30625,Gelding,Turn Me Loose,YPF,1,True,5,1600,GOOD,875000,C,TURF,0,40,13:00,ST,WINNING TURN,NZ,Falkirk,2021,43,54025,6.695238095238095,-1822.9166666666667,0,0,13.6364,4.5455,0,9.7222,32.6389,0,99.0,0,11.222222222222221,12,noChange,0.0,0.0
67c4b3a124d83f79bd9f31cb,1,2025-05-10,HK_2023_J005,0,4,0,1.35.93,J005,Bay,18,Chloe Carashan,17,12,B/TT,115,J005,14,1133,0,PPG,0,False,DMK,3/7/14/12/5/6,凱旋七福,WINNING SEVEN,2,Wellander Friends Syndicate,1,20,2,179375,Gelding,Artie Schiller,WDJ,1,False,5,1600,GOOD,875000,C,TURF,0,40,13:00,ST,WINNING SEVEN,AUS,Desert King,2021,33,202775,8.433734939759036,-1491.111111111111,0,0,14.1026,5.1282,0,4.7244,15.748,0,3.25,0,8.461538461538462,18,noChange,0.0,33.3333
67c4b3a124d83f79bd9f314b,2,2025-05-10,HK_2023_J405,0,4,0,0.56.84,J405,Chestnut,60,Soriano,27,13,,135,J405,1,1186,14,PP,0,False,PZ,2/5/6/9/13/10,展雄威,ALSONSO,,Zhang Yuesheng,+ 1,60,1,561900,Gelding,Zoustar,NM,1,True,4,1000,GOOD,1170000,C,TURF,40,60,13:30,ST,ALSONSO,AUS,Savabeel,2021,66,561900,6.555555555555555,-816.4285714285714,0,0,40.404,22.2222,0,7.3826,24.8322,0,0.1,0,8.0,7,noChange,0.0,25.0
67fd69af0ff69365f6809e9f,2,2025-05-10,HK_2023_J243,0,4,0,0.57.45,J243,Bay,59,Power Of Joy,27,3,H/P/XB/TT,134,J243,2,1258,9,PP,0,False,PMF,11/11/12,八里旺,CALL TO COMMAND,,Lai Chak Lam,+ 1,59,-2,0,Gelding,Holler,CCW,1,True,4,1000,GOOD,1170000,C,TURF,40,60,13:30,ST,CALL TO COMMAND,AUS,Speed 'N' Power,2021,63,0,6.761467889908257,-1661.6666666666667,0,0,19.1617,4.7904,0,1.9048,15.2381,0,4.25,0,11.5,3,noChange,0.0,0.0
67c4b99c24d83f79bd9f41b8,2,2025-05-10,HK_2023_J478,0,4,10,0.56.82,J478,Bay/Brown,57,Stevenson,56,9,CP-/TT,132,J478,3,1114,-4,PPG,0,False,WPN,9/10/5/3/1,美麗老撾,ALLURING LAOS,,Lam Suet Chung,* 1,57,-1,830700,Gelding,Flying Artie,MWK,1,False,4,1000,GOOD,1170000,C,TURF,40,60,13:30,ST,ALLURING LAOS,AUS,Teofilo,2021,52,830700,6.96969696969697,-1065.0,0,0,17.3913,7.2464,0,8.6331,23.741,0,1.5,0,4.75,5,noChange,0.0,0.0
67c4b3a124d83f79bd9f30bf,2,2025-05-10,HK_2020_E336,0,6,0,0.55.76,E336,Bay,57,Folies Bergere,56,4,B/TT,132,E336,4,1133,8,PPG,0,False,HEL,5/9/4/7/4/1,不可擋,CHEVAL VALIANT,,Cheval Syndicate,* 1,57,-2,1165050,Gelding,Charm Spirit,WDJ,1,False,4,1000,GOOD,1170000,C,TURF,40,60,13:30,ST,CHEVAL VALIANT,NZ,O'Reilly,2019,56,5349500,6.62962962962963,-982.7027027027027,0,0,23.4043,5.6738,0,4.7244,15.748,0,2.0833333333333335,0,4.5,37,noChange,0.0,0.0
67c4b3a124d83f79bd9f306f,2,2025-05-10,HK_2023_J294,0,4,0,0.57.56,J294,Grey/Roan,54,Freedom March,31,6,,129,J294,5,1057,7,PP,0,False,YML,12/12/12/11/11/10,戰騎飛,TURF PHOENIX,,Dr John Shum Ding Ping & Dr Lawrence Chan Pui Wing,* 1,54,-4,0,Gelding,Phoenix Of Spain,SWY,1,False,4,1000,GOOD,1170000,C,TURF,40,60,13:30,ST,TURF PHOENIX,IRE,Oasis Dream,2021,70,0,7.537037037037037,-1919.2857142857142,0,0,15.625,3.9062,0,7.5758,25.0,0,9.375,0,11.166666666666666,7,noChange,0.0,0.0
6811a8400f79d69b291014dc,2,2025-05-10,HK_2024_K043,0,3,0,0.56.90,K043,Bay,52,Angasi,27,11,CP/XB/TT,127,K043,6,1120,2,PPG,0,False,AVB,5,拉合爾,LAHORE,,Syed Asim Hussain,* 1,52,0,40950,Gelding,Hellbent,RW,1,False,4,1000,GOOD,1170000,C,TURF,40,60,13:30,ST,LAHORE,AUS,Street Boss,2022,52,40950,7.813953488372093,-835.0,0,0,33.3333,12.1212,0,8.1081,22.5225,0,0.35,0,5.0,1,noChange,0.0,0.0
6811a8400f79d69b291014db,2,2025-05-10,HK_2024_K324,0,3,0,0.56.88,K324,Bay,52,Riverina's Girl,27,5,TT,127,K324,7,1164,-11,PPG,0,False,LDE,4,穿雲達月,MOON ROCKET,,Victor Fong Yuen Tak & Leonard Fong Lik Man,+ 1,52,0,70200,Gelding,Manhattan Rain,SCS,1,True,4,1000,GOOD,1170000,C,TURF,40,60,13:30,ST,MOON ROCKET,AUS,Stratum,2022,52,70200,6.770642201834862,-815.0,0,0,20.7207,6.3063,0,3.5714,18.5714,0,0.35,0,4.0,1,noChange,0.0,0.0
67f20b16748e58ad3f4f8e69,2,2025-05-10,HK_2024_K244,0,3,0,,K244,Bay,52,Monopole,34,2,,127,K244,8,1119,-1,PPG,0,False,HAA,12,工程小子,SMART ENGINEER,,Ringo Yu Shek Man,* 1,52,0,0,Gelding,Smart Missile,LKW,1,False,4,1000,GOOD,1170000,C,TURF,40,60,13:30,ST,SMART ENGINEER,AUS,High Chaparral,2022,52,0,6.908256880733945,-1515.0,0,0,22.7848,6.3291,0,11.2676,30.9859,0,99.0,0,12.0,1,noChange,0.0,0.0
681ebee841dab36c40259fca,2,2025-05-10,HK_2024_K340,0,3,2,,K340,Bay,52,Witless,999,14,P1,127,K340,9,1152,0,PPG,0,False,CJE,-,團結勇士,STRAIGHT TO GLORY,,Chan Tim Shing & Pang Wai Hak,* 1,52,0,0,Gelding,Hellbent,YTP,1,False,4,1000,GOOD,1170000,C,TURF,40,60,13:30,ST,STRAIGHT TO GLORY,AUS,Stratum,2022,52,0,6.352941176470588,,0,0,21.0526,4.2105,0,5.8824,23.5294,0,99.0,0,0.0,0,noChange,0.0,0.0
67c4b3a124d83f79bd9f304a,2,2025-05-10,HK_2020_E221,0,7,0,0.55.31,E221,Bay,52,Saffie Darling,56,7,,127,E221,10,1218,20,PPG,0,False,BA,14/4/12/3/14/3,攻頂,SUMMIT CHEERS,,Herman Woo Hon Man & Woo Shuet Ming,+ 1,52,-2,339300,Gelding,Zoustar,HAD,1,True,4,1000,GOOD,1170000,C,TURF,40,60,13:30,ST,SUMMIT CHEERS,AUS,Catrail,2018,66,4400975,6.528301886792453,-1309.1176470588234,0,0,24.3902,10.9756,0,4.1322,20.6612,0,7.0,0,6.7272727272727275,34,noChange,0.0,25.0
681ebee841dab36c40259fcb,2,2025-05-10,HK_2024_K216,0,3,0,,K216,Bay,52,Clearly,999,12,,127,K216,11,1019,0,PPG,0,False,TBE,-,鑽得勝,WINNING DIAMOND,,Eddie Chung Kwok Leung,+ 1,52,0,0,Gelding,Deep Field,YCH,1,True,4,1000,GOOD,1170000,C,TURF,40,60,13:30,ST,WINNING DIAMOND,AUS,Invincible Spirit,2022,52,0,6.779220779220779,,0,0,17.7966,3.3898,0,7.6923,19.2308,0,99.0,0,0.0,0,noChange,0.0,0.0
67c4b3a124d83f79bd9f4155,2,2025-05-10,HK_2023_J479,0,4,0,0.56.86,J479,Bay,49,Carashan Girl,27,8,B/TT,124,J479,12,1111,-5,PPG,0,False,AA,3/12/3/7/4/12,鼓浪高升,ISLAND BREEZES,,Ng To,+ 1,49,1,409500,Gelding,Lean Mean Machine,NPC,1,True,4,1000,GOOD,1170000,C,TURF,40,60,13:30,ST,ISLAND BREEZES,AUS,Artie Schiller,2021,52,409500,6.923076923076923,-812.1428571428571,0,0,33.8983,15.2542,0,4.8485,22.4242,0,0.1,0,5.5,7,noChange,0.0,66.6667
67c4b3a124d83f79bd9f318f,2,2025-05-10,HK_2023_J403,0,4,0,0.56.72,J403,Bay,49,Tempt Me Not,66,10,B/TT,124,J403,13,1072,-4,PP,0,False,CML,11/8/7/3/5/11,同喜,RIDING HIGH,,Riding High Syndicate,+ 1,49,-2,212700,Gelding,Exceed And Excel,N/A,1,True,4,1000,GOOD,1170000,C,TURF,40,60,13:30,ST,RIDING HIGH,AUS,Strategic Maneuver,2021,63,212700,6.78494623655914,-1393.3333333333333,0,0,20.6667,5.3333,0,0.0,0.0,0,2.0,0,8.714285714285714,9,noChange,0.0,0.0
67c4b3a124d83f79bd9f3045,2,2025-05-10,HK_2023_J475,0,4,3,0.58.22,J475,Bay,48,Joyfilly Ours,34,1,TT,123,J475,14,1049,-8,PPG,0,False,CCY,11/12/13,綠水青山,PRECIOUS HILL,,Chan Kin Yip,* 1,48,-2,0,Gelding,Deep Field,MKL,1,False,4,1000,GOOD,1170000,C,TURF,40,60,13:30,ST,PRECIOUS HILL,AUS,Highly Recommended,2021,52,0,7.305555555555555,-1966.6666666666667,0,0,17.2727,7.2727,0,9.9099,27.9279,0,8.75,0,12.0,3,noChange,0.0,0.0
67c4b3a124d83f79bd9f3116,3,2025-05-10,HK_2023_J500,0,4,0,,J500,Bay,58,Shimmer 'N' Shine,34,7,TT,133,J500,1,1044,-14,PPG,0,False,PZ,7/3/1/8,閃光燈,FLASH CURRENT,,Hermitage Syndicate,* 2,58,0,789750,Gelding,Derryn,TKH,2,False,4,1400,GOOD,1170000,C,TURF,40,60,14:00,ST,FLASH CURRENT,NZ,Thano,2021,52,789750,7.058558558558558,-832.5,0,0,40.404,22.2222,0,7.8652,24.7191,0,99.0,0,5.333333333333333,4,noChange,33.3333,66.6667
67c4b3a124d83f79bd9f4187,3,2025-05-10,HK_2024_K081,0,4,0,1.21.83,K081,Bay,58,So Funny,13,10,TT,131,K081,2,1147,3,PP,0,False,AA,4/8/6/11/7/10,同心同樂,RIDING TOGETHER,,Happy Birthday Syndicate,+ 1,56,-2,37200,Gelding,Profitable,EDJ,1,True,4,1400,GOOD,1170000,C,TURF,40,60,14:00,ST,RIDING TOGETHER,IRE,Distorted Humor,2021,66,37200,7.462962962962963,-973.3333333333334,0,0,33.8983,15.2542,0,10.084,26.8908,0,3.0,0,8.0,6,noChange,0.0,0.0
67c4b3a124d83f79bd9f30ea,3,2025-05-10,HK_2023_J194,0,5,0,1.22.21,J194,Bay,55,Dream Play,56,2,H/TT,130,J194,3,1095,22,PP,0,False,BH,12/3/8/10/10/8,超旺財,EXCEL WONGCHOY,,Lester C H Kwok,+ 1,55,-2,1421550,Gelding,Exceed And Excel,NPC,1,True,4,1400,GOOD,1170000,C,TURF,40,60,14:00,ST,EXCEL WONGCHOY,IRE,In The Wings,2020,52,1491750,6.543859649122807,-1536.388888888889,0,0,38.0682,13.0682,0,4.8485,22.4242,0,3.4166666666666665,0,6.733333333333333,18,noChange,0.0,33.3333
67c4b3a124d83f79bd9f3236,3,2025-05-10,HK_2024_K193,0,4,10,1.22.23,K193,Bay,57,Lycra Lass,20,4,B,129,K193,4,1094,11,PP,0,False,WPN,11/13/8/6/7/12,艾彼奧,I P O BROS,,Allies Dream Syndicate,+ 1,54,-3,37200,Gelding,Smart Missile,HDA,1,True,4,1400,GOOD,1170000,C,TURF,40,60,14:00,ST,I P O BROS,AUS,Shamardal,2021,67,37200,6.719298245614035,-888.5714285714286,0,0,17.3913,7.2464,0,9.3264,23.3161,0,99.0,0,12.0,7,noChange,0.0,0.0
67c4b3a124d83f79bd9f312b,3,2025-05-10,HK_2023_J529,0,5,0,1.22.22,J529,Bay,56,Ray Of Sun,6,3,SR,129,J529,5,1136,-12,PP,0,False,TBE,14/6/10/9/12/11,耀昌勝世,YIU CHEUNG VICTORY,,Leung Tin Fu,1,54,-2,23400,Gelding,Shooting To Win,YCH,1,False,4,1400,GOOD,1170000,C,TURF,40,60,14:00,ST,YIU CHEUNG VICTORY,AUS,Rock Of Gibraltar,2020,64,23400,6.92511013215859,-1435.0,0,0,17.7966,3.3898,0,7.6923,19.2308,0,6.083333333333333,0,9.75,6,noChange,0.0,0.0
6811a8400f79d69b291014e2,3,2025-05-10,HK_2024_K307,0,3,0,1.22.50,K307,Bay,52,Without Flaw,27,11,CP1/TT,127,K307,6,1204,-3,PPG,0,False,FEL,11,部族高手,ACE,,Johnny Shih Jar Yi,+ 1,52,0,0,Gelding,Tivaci,RW,1,True,4,1400,GOOD,1170000,C,TURF,40,60,14:00,ST,ACE,NZ,Sacred Falls,2022,52,0,7.5311004784688995,-495.0,0,0,29.0323,8.3871,0,8.1081,22.5225,0,5.75,0,11.0,1,noChange,0.0,0.0
67f20b16748e58ad3f4f8e6d,3,2025-05-10,HK_2024_K271,0,3,0,,K271,Bay,52,Ma Can Do It,34,1,TT,127,K271,7,1146,10,PPG,0,False,BA,12,有盈勇士,LEGEND STAR,,Surplus Horse Racing Syndicate,* 1,52,0,0,Gelding,Deep Field,SCS,1,False,4,1400,GOOD,1170000,C,TURF,40,60,14:00,ST,LEGEND STAR,AUS,Majesticperfection,2022,52,0,6.457777777777777,-1455.0,0,0,24.3902,10.9756,0,3.5714,18.5714,0,99.0,0,12.0,1,noChange,0.0,0.0
67c4b99c24d83f79bd9f41b4,3,2025-05-10,HK_2023_J521,0,3,0,1.23.05,J521,Bay/Brown,52,Zubara,83,6,B1/TT,127,J521,8,1139,-12,PPG,0,False,YML,14/11,金鑽八十,LUCKY STATEMENT,,"Cheng Yu Wai, Cheng Mei Mei, Cheng Yu Tung & Cheng Ming Leung",+ 2,52,0,0,Gelding,Press Statement,MKL,2,True,4,1400,GOOD,1170000,C,TURF,40,60,14:00,ST,LUCKY STATEMENT,AUS,Zabeel,2022,52,0,6.9868421052631575,-5885.0,0,0,15.625,3.9062,0,9.9099,27.9279,0,5.25,0,11.0,2,noChange,0.0,0.0
680499792d76ddb139261b05,3,2025-05-10,HK_2024_K149,0,3,0,,K149,Bay,52,Eminence,20,13,H/SR/XB,127,K149,9,1081,-12,PPG,0,False,HEL,8,甜蝦女,SUGAR QUEEN PRAWN,,Lau Jun Jun,+ 1,52,0,0,Gelding,Tassort,WDJ,1,True,4,1400,GOOD,1170000,C,TURF,40,60,14:00,ST,SUGAR QUEEN PRAWN,AUS,Bernardini,2022,52,0,7.836734693877551,-2335.0,0,0,23.4043,5.6738,0,4.7244,15.748,0,99.0,0,8.0,1,noChange,0.0,0.0
67c4b3a124d83f79bd9f31d5,3,2025-05-10,HK_2024_K117,0,3,0,,K117,Bay,52,Glinda Goodwitch,13,12,,125,K117,10,1100,0,PPG,0,False,PMF,6/10,長峰小子,TIME TO FIRE,,"Thomas Poon Ho Wing, Li Kui Ching & Poon Chi Keung",+ 1,50,-2,0,Gelding,Time Test,HAD,1,True,4,1400,GOOD,1170000,C,TURF,40,60,14:00,ST,TIME TO FIRE,NZ,Per Incanto,2022,52,0,7.692682926829268,-815.0,0,0,19.1617,4.7904,0,4.1322,20.6612,0,99.0,0,6.0,2,noChange,0.0,0.0
67c4b3a124d83f79bd9f31fb,3,2025-05-10,HK_2024_K004,0,3,0,1.21.92,K004,Bay,49,Holly Holy,20,14,H,124,K004,11,1096,-12,PPG,0,False,OJM,7/8/1/12/11/12,豐辰,THE AUSPICIOUS,,Crossover Syndicate,* 1,49,0,655200,Gelding,Almanzor,TYS,1,False,4,1400,GOOD,1170000,C,TURF,40,60,14:00,ST,THE AUSPICIOUS,NZ,Dylan Thomas,2022,52,655200,8.119318181818182,-700.0,0,0,16.9643,4.4643,0,7.3684,17.8947,0,6.083333333333333,0,10.4,8,noChange,25.0,25.0
67c4b3a124d83f79bd9f415e,3,2025-05-10,HK_2023_J546,0,4,2,1.21.45,J546,Bay,49,Joka,27,9,B,124,J546,12,1072,-10,PPG,0,False,CJE,6/2/9/7/5,小皇爺,ZETTA FORCE,,Project Smart Syndicate,+ 1,49,0,310050,Gelding,Mendelssohn,YTP,1,True,4,1400,GOOD,1170000,C,TURF,40,60,14:00,ST,ZETTA FORCE,AUS,Henrythenavigator,2021,52,310050,7.418181818181818,-367.0,0,0,21.0526,4.2105,0,5.8824,23.5294,0,3.625,0,6.75,5,noChange,0.0,50.0
67c4b3a124d83f79bd9f31fc,3,2025-05-10,HK_2023_J407,0,4,0,1.22.40,J407,Bay,48,Knead The Dough,56,8,TT,123,J407,13,1244,-7,PPG,0,False,LDE,9/13/7,大眾經典,EVERYONE'S CLASSIC,,Yeung Chi Ming & Yeung Ching Ching,* 2,48,-2,0,Gelding,Exosphere,LFC,2,False,4,1400,GOOD,1170000,C,TURF,40,60,14:00,ST,EVERYONE'S CLASSIC,AUS,O'Reilly,2021,52,0,7.45045045045045,-1428.3333333333333,0,0,20.7207,6.3063,0,11.875,31.25,0,99.0,0,7.0,3,noChange,0.0,0.0
67c4b3a124d83f79bd9f301b,3,2025-05-10,HK_2023_J549,0,4,0,,J549,Bay,48,Zanyetta,17,5,TT,120,J549,14,980,-7,PPG,0,False,DMK,11/12/9/11,魔法豆,MAGIC BEANS,,Jeetu Ramchandani,* 2,45,-3,0,Gelding,Spill The Beans,LKW,2,False,4,1400,GOOD,1170000,C,TURF,40,60,14:00,ST,MAGIC BEANS,NZ,Tavistock,2021,52,0,7.065502183406114,-1258.75,0,0,14.1026,5.1282,0,11.2676,30.9859,0,99.0,0,10.75,4,noChange,0.0,0.0
67c4b3a124d83f79bd9f3f93,4,2025-05-10,HK_2022_H072,0,7,0,1.38.59,H072,Bay,61,Toi Et Moi,20,9,H/P/XB/TT,135,H072,1,1111,-3,PP,0,False,BH,10/7/8/2/1/11,縱橫大進,G LINER,,Circuit Land Syndicate,+ 1,60,-1,0,Gelding,Siyouni,N/A,1,True,4,1650,SEALED,1170000,,ALL WEATHER TRACK,40,60,14:30,ST,G LINER,GB,Galileo,2018,61,2451150,,-1407.2727272727273,0,0,38.0682,13.0682,0,0.0,0.0,0,99.0,0,0.0,22,noChange,0.0,0.0
67c4b99c24d83f79bd9f4213,4,2025-05-10,HK_2024_K090,0,4,0,,K090,Bay/Brown,61,Get Closer,17,11,H/P/XB,134,K090,2,1115,2,PP,0,False,HEL,9/12/12,運籌帷幄,CONSPIRATOR,,"Ng Sun Wah, Au Yau Lin & Alan Leung Wai Zen",* 1,59,-2,0,Gelding,Daiwa Major,N/A,1,False,4,1650,SEALED,1170000,,ALL WEATHER TRACK,40,60,14:30,ST,CONSPIRATOR,AUS,Wild Rush,2021,63,0,,-1761.6666666666667,0,0,23.4043,5.6738,0,0.0,0.0,0,99.0,0,0.0,3,noChange,0.0,0.0
67c4b3a124d83f79bd9f31b2,4,2025-05-10,HK_2023_J531,0,5,2,,J531,Bay,59,Wangaala,6,5,B,132,J531,3,1196,5,PP,0,False,CJE,5/12/12/7/9/13,手到齊來,WONDERSTAR,,Great Fund Syndicate,+ 1,57,-2,65100,Gelding,Starspangledbanner,TYS,1,True,4,1650,SEALED,1170000,,ALL WEATHER TRACK,40,60,14:30,ST,WONDERSTAR,AUS,Toorak Toff,2020,82,65100,,-1537.0833333333333,0,0,21.0526,4.2105,0,7.3684,17.8947,0,99.0,0,0.0,12,noChange,0.0,0.0
67c4b3a124d83f79bd9f40b9,4,2025-05-10,HK_2022_H432,0,5,0,1.39.05,H432,Bay,56,Here We Come,24,4,TT,129,H432,4,1015,18,PP,0,False,OJM,7/5/8/8/5/1,歡樂老撾,FLOOF,,Cheng Kin Chung,* 1,54,-2,737100,Gelding,Tavistock,YPF,1,False,4,1650,SEALED,1170000,,ALL WEATHER TRACK,40,60,14:30,ST,FLOOF,NZ,Exceed And Excel,2020,53,802200,,-1320.0,0,0,16.9643,4.4643,0,9.7222,32.6389,0,99.0,0,0.0,12,noChange,0.0,0.0
67c4b3a124d83f79bd9f3037,4,2025-05-10,HK_2020_E494,0,7,7,1.38.64,E494,Bay,53,Militante,31,3,TT,128,E494,5,1119,14,ISG,0,False,WEC,10/2/7/1/5/12,飛騰騅,CHARMING STEED,,Fortunes Turn Syndicate,* 1,53,0,941850,Gelding,Charm Spirit,FC,1,False,4,1650,SEALED,1170000,,ALL WEATHER TRACK,40,60,14:30,ST,CHARMING STEED,FR,Johannesburg,2018,45,5179380,,-884.2553191489362,0,0,17.6471,5.8824,0,12.4183,29.4118,0,99.0,0,0.0,47,noChange,25.0,50.0
67c4b3a124d83f79bd9f323a,4,2025-05-10,HK_2024_K154,0,4,0,,K154,Bay,55,Squash,13,7,CP-/TT,128,K154,6,1145,-7,PP,0,False,FEL,10/9/7/11/11/12,關鍵所在,MATTERS MOST,,Alexander Ng Win Yew,+ 1,53,-2,37200,Gelding,Advertise,SCS,1,True,4,1650,SEALED,1170000,,ALL WEATHER TRACK,40,60,14:30,ST,MATTERS MOST,GB,Pastoral Pursuits,2021,69,37200,,-1126.111111111111,0,0,29.0323,8.3871,0,3.5714,18.5714,0,99.0,0,0.0,9,noChange,0.0,0.0
67c4b3a124d83f79bd9f3194,4,2025-05-10,HK_2021_H016,0,6,10,1.38.37,H016,Bay,53,Miraculous Miss,20,13,BO/TT,127,H016,7,1087,2,PPG,0,False,WPN,8/3/5/1/1/2,天時明駒,PRECISION GOAL,,Winning Group Syndicate,1,52,-1,2309450,Gelding,Tavistock,HDA,1,False,4,1650,SEALED,1170000,,ALL WEATHER TRACK,40,60,14:30,ST,PRECISION GOAL,NZ,Exceed And Excel,2019,32,3468000,,-1342.4193548387098,0,0,17.3913,7.2464,0,9.3264,23.3161,0,0.0,0,1.0,31,noChange,25.0,50.0
67c4b3a124d83f79bd9f311e,4,2025-05-10,HK_2023_J080,0,5,0,1.38.42,J080,Bay,51,Sarong,20,2,,126,J080,8,1078,10,PP,0,False,AA,5/1/7/9/6/7,川河型駒,FASHION LEGEND,,Mr & Mrs Boniface Ho Ka Kui,1,51,0,854100,Gelding,Deep Field,N/A,1,False,4,1650,SEALED,1170000,,ALL WEATHER TRACK,40,60,14:30,ST,FASHION LEGEND,AUS,Exceed And Excel,2020,58,1002900,,-1099.4736842105262,0,0,33.8983,15.2542,0,0.0,0.0,0,99.0,0,0.0,19,noChange,25.0,25.0
67c4b3a124d83f79bd9f317c,4,2025-05-10,HK_2021_G463,0,6,0,1.38.96,G463,Brown,49,Tempting Delight,20,1,,124,G463,9,1180,4,ISG,0,False,TBE,3/7/2/8/12/7,年年友福,FOREVER FOLKS,,So Wing Keung,1,49,0,1193400,Gelding,Tavistock,CCW,1,False,4,1650,SEALED,1170000,,ALL WEATHER TRACK,40,60,14:30,ST,FOREVER FOLKS,AUS,Northern Meteor,2019,46,3177225,,-1609.2424242424242,0,0,17.7966,3.3898,0,1.9048,15.2381,0,99.0,0,0.0,33,noChange,0.0,66.6667
67c4b3a124d83f79bd9f3eed,4,2025-05-10,HK_2021_G427,0,6,0,1.38.81,G427,Brown,44,Hope So,20,8,B/TT,120,G427,10,1073,-10,PP,0,False,PMF,2/9/10/7/2/1,閃耀威龍,SPANGLE FORTUNE,,Maria Teresa Chu,1,45,1,753200,Gelding,Starspangledbanner,MKL,1,False,4,1650,SEALED,1170000,,ALL WEATHER TRACK,40,60,14:30,ST,SPANGLE FORTUNE,IRE,Bated Breath,2019,38,1414025,,-1334.642857142857,0,0,19.1617,4.7904,0,9.9099,27.9279,0,99.0,0,0.0,28,noChange,0.0,33.3333
67c4b3a124d83f79bd9f30e9,4,2025-05-10,HK_2022_H234,0,5,0,1.38.33,H234,Bay,44,Gallant Tess,20,14,E/PC/TT,119,H234,11,1077,12,PPG,0,False,AVB,1/3/4/7/8/7,大利好運,MEEPMEEP,1,Terry Fok Kwong Hang,1,44,5,795375,Gelding,Not A Single Doubt,SJJ,1,False,4,1650,SEALED,1170000,,ALL WEATHER TRACK,40,60,14:30,ST,MEEPMEEP,AUS,Galileo,2020,49,1216575,,-617.6923076923077,0,0,33.3333,12.1212,0,15.2284,38.5787,0,99.0,0,0.0,13,noChange,25.0,50.0
67c4b3a124d83f79bd9f317d,4,2025-05-10,HK_2021_G368,0,6,0,1.38.18,G368,Bay,45,Mezzo Mezzo,20,10,H/PC/TT,118,G368,12,1073,1,PP,0,False,BA,6/8/8/3/4/4,爆熱,VIVA CHALEUR,,Arnaldo Ho Yau Heng,1,43,-2,581250,Gelding,Wootton Bassett,NPC,1,False,4,1650,SEALED,1170000,,ALL WEATHER TRACK,40,60,14:30,ST,VIVA CHALEUR,FR,Mount Nelson,2019,64,1132650,,-1194.423076923077,0,0,24.3902,10.9756,0,4.8485,22.4242,0,99.0,0,0.0,27,noChange,0.0,20.0
67c4b3a124d83f79bd9f3192,4,2025-05-10,HK_2023_J337,0,4,0,1.38.99,J337,Bay,42,Gifted Queen,20,6,,117,J337,13,1074,-18,PPG,0,False,CML,4/7/11/11/8/10,幸運震撼,LUCKY IMPACT,,Vincent Leung Man Him,1,42,0,0,Gelding,Real Steel,LFC,1,False,4,1650,SEALED,1170000,,ALL WEATHER TRACK,40,60,14:30,ST,LUCKY IMPACT,AUS,Zoustar,2021,52,70200,,-1161.25,0,0,20.6667,5.3333,0,11.875,31.25,0,99.0,0,0.0,8,noChange,0.0,0.0
67c4b3a124d83f79bd9f32aa,4,2025-05-10,HK_2023_J271,0,4,2,1.38.78,J271,Bay,43,Eastern Eclipse,20,12,B/TT,116,J271,14,1113,11,PP,0,False,MHT,13/3/10/10/12/12,幻影旋風,PHANTOM CYCLONE,,Sharon Li Xue Ying,1,41,-2,134550,Gelding,Belardo,N/A,1,False,4,1650,SEALED,1170000,,ALL WEATHER TRACK,40,60,14:30,ST,PHANTOM CYCLONE,NZ,Keeper,2021,61,134550,,-1622.9166666666667,0,0,13.6364,4.5455,0,0.0,0.0,0,99.0,0,0.0,12,noChange,0.0,25.0
67c4b3a124d83f79bd9f4148,5,2025-05-10,HK_2023_J343,0,3,0,1.21.44,J343,Bay,50,Tuscany Lady,13,1,TT,134,J343,1,1141,-7,PPG,0,False,PZ,1/2/5/4/7/5,錶之星河,PATCH OF STARS,,Yeung Kin Man,+ 1,57,7,397800,Gelding,All Too Hard,MKL,1,True,4,1400,GOOD,1170000,C,TURF,40,60,15:00,ST,PATCH OF STARS,AUS,Mossman,2022,52,397800,6.457777777777777,-273.3333333333333,0,0,40.404,22.2222,0,9.9099,27.9279,0,1.5,0,4.0,6,noChange,33.3333,66.6667
67c4b3a124d83f79bd9f303c,5,2025-05-10,HK_2020_E434,0,7,0,1.21.46,E434,Bay,57,Best Yet To Come,10,2,CP,133,E434,2,1131,2,PP,0,False,AVB,2/10/5/6/13/4,快搏,NEVER TOO SOON,,Kenneth Chung Kin Shu,2,56,1,289650,Gelding,Written Tycoon,N/A,2,False,4,1400,GOOD,1170000,C,TURF,40,60,15:00,ST,NEVER TOO SOON,AUS,Econsul,2018,70,5089725,6.543859649122807,-1370.7777777777778,0,0,33.3333,12.1212,0,0.0,0.0,0,4.416666666666667,0,8.0,45,noChange,0.0,20.0
67c4b3a124d83f79bd9f4085,5,2025-05-10,HK_2023_J047,0,5,0,1.21.82,J047,Bay,55,Diamonds Forever,48,7,CP/TT,132,J047,3,1118,-4,PPG,0,False,DMK,7/1/4/2/2/2,幸運芙蓉,LUCKY FIONN,,Yeung Kwong Fat,* 1,55,0,1462500,Gelding,Per Incanto,YPF,1,False,4,1400,GOOD,1170000,C,TURF,40,60,15:00,ST,LUCKY FIONN,NZ,Keeper,2020,44,1614600,7.058558558558558,-728.6363636363636,0,0,14.1026,5.1282,0,9.7222,32.6389,0,0.15,0,3.875,11,noChange,50.0,50.0
67c4b3a124d83f79bd9f406b,5,2025-05-10,HK_2022_H319,0,5,0,1.21.92,H319,Bay,55,Forbetterforworse,27,10,,132,H319,4,1110,-16,PPG,0,False,HEL,12/10/9/10/10/10,獨步天下,SECOND TO NONE,,Mr & Mrs Raymund Chao Pak Ki,+ 1,55,-2,0,Gelding,Astern,LKW,1,True,4,1400,GOOD,1170000,C,TURF,40,60,15:00,ST,SECOND TO NONE,NZ,Dubawi,2020,66,2189850,7.462962962962963,-1063.2142857142858,0,0,23.4043,5.6738,0,11.2676,30.9859,0,6.5,0,6.1,14,noChange,0.0,0.0
67c4b3a124d83f79bd9f3105,5,2025-05-10,HK_2022_H041,0,6,2,1.21.79,H041,Chestnut,54,Honorjeu,34,8,CP/TT,131,H041,5,1159,0,PPG,0,False,CJE,9/8/7/14/2/12,時尚歡欣,FUN TOGETHER,,CKY Syndicate,* 2,54,-2,286700,Gelding,Rip Van Winkle,YTP,2,False,4,1400,GOOD,1170000,C,TURF,40,60,15:00,ST,FUN TOGETHER,NZ,Montjeu,2019,67,3515800,7.45045045045045,-1169.4,0,0,21.0526,4.2105,0,5.8824,23.5294,0,5.583333333333333,0,6.5,25,noChange,0.0,0.0
681ebee841dab36c40259fcd,5,2025-05-10,HK_2023_J129,0,4,3,,J129,Bay,52,Kune Kune,999,11,CP1/XB1/TT1,129,J129,6,1150,0,PPG,0,False,CCY,-,加州陽光,CALIFORNIA SUN,,Charis Liang Shun Xing,+ 1,52,0,0,Gelding,Footstepsinthesand,MWK,1,True,4,1400,GOOD,1170000,C,TURF,40,60,15:00,ST,CALIFORNIA SUN,GB,Sir Percy,2021,52,0,7.5311004784688995,,0,0,17.2727,7.2727,0,8.6331,23.741,0,99.0,0,0.0,0,noChange,0.0,0.0
67fd69af0ff69365f6809ea1,5,2025-05-10,HK_2023_J463,0,4,0,,J463,Bay,52,Victoria's Angel,38,14,TT1,129,J463,7,1194,7,ISG,0,False,BH,6,禾道威,STAR BROSE,,Peter Young Wai Po & David Young Yuk Chuen,* 2,52,0,23400,Gelding,Starspangledbanner,HDA,2,False,4,1400,GOOD,1170000,C,TURF,40,60,15:00,ST,STAR BROSE,GB,Dark Angel,2021,52,23400,8.119318181818182,0.0,0,0,38.0682,13.0682,0,9.3264,23.3161,0,99.0,0,0.0,1,noChange,0.0,0.0
67fd69af0ff69365f6809ea4,5,2025-05-10,HK_2024_K003,0,3,0,1.21.40,K003,Grey,52,Ala Rasi,20,4,TT,127,K003,8,1109,-10,PPG,0,False,FEL,6/5,康昌之星,FORTUNE STAR,,Kelvin Chan Kam Kei & Eddie Chan Kam Kong,+ 1,50,-2,40950,Gelding,U S Navy Flag,NM,1,True,4,1400,GOOD,1170000,C,TURF,40,60,15:00,ST,FORTUNE STAR,NZ,Dalakhani,2022,52,40950,6.719298245614035,-130.0,0,0,29.0323,8.3871,0,7.3826,24.8322,0,99.0,0,5.0,2,noChange,0.0,0.0
67c4b3a124d83f79bd9f3dfd,5,2025-05-10,HK_2021_G057,0,7,0,1.21.70,G057,Bay,52,Miss Ethics,20,6,V-/B2/TT,126,G057,9,1115,0,PPG,0,False,HAA,9/9/10/6/12/7,美麗在線,BEAUTY LIVE,,Kitty Kwok Sea Nga,+ 1,49,-3,64400,Gelding,Shamus Award,LFC,1,True,4,1400,GOOD,1170000,C,TURF,40,60,15:00,ST,BEAUTY LIVE,AUS,Count Dubois,2018,64,6902650,6.9868421052631575,-1268.857142857143,0,0,22.7848,6.3291,0,11.875,31.25,0,3.25,0,5.875,35,noChange,0.0,0.0
67c4b3a124d83f79bd9f31f1,5,2025-05-10,HK_2024_K213,0,3,2,1.23.06,K213,Bay,48,Dark Poppy,27,5,CP/TT,125,K213,10,1262,-1,PPG,0,False,MHT,13/7/14,開心老友,MAGIC COMBO,,"Tong Kin Hing, Dr Francis Siu Pui Sing & Siu Miu Man",* 2,48,-2,0,Gelding,Contributer,SCS,2,False,4,1400,GOOD,1170000,C,TURF,40,60,15:00,ST,MAGIC COMBO,NZ,Burgundy,2022,52,0,7.065502183406114,-1081.6666666666667,0,0,13.6364,4.5455,0,3.5714,18.5714,0,8.5,0,10.0,3,noChange,0.0,0.0
67c4b3a124d83f79bd9f419b,5,2025-05-10,HK_2023_J505,0,4,0,1.21.74,J505,Bay,48,Alacer,20,13,B/E1/TT,123,J505,11,1031,-7,PPG,0,False,OJM,8/12/10/12,宸居武士,ARDEN,,Mr & Mrs James Tien Pei Chun,+ 1,46,-2,0,Gelding,Pariah,SJJ,1,True,4,1400,GOOD,1170000,C,TURF,40,60,15:00,ST,ARDEN,NZ,More Than Ready,2021,52,0,7.836734693877551,-1430.0,0,0,16.9643,4.4643,0,15.2284,38.5787,0,99.0,0,12.0,4,noChange,0.0,0.0
67c4b3a124d83f79bd9f308c,5,2025-05-10,HK_2024_K113,0,4,0,,K113,Bay,46,Mi Shari,38,3,,123,K113,12,1071,11,PPG,0,False,AA,4/6/6/8,科創世紀,INNO CENTURY,,"Tsui Wo Pong, Dennis Lo Yuk Ming, Allen Chan Kwan Chee & Patrick Yung Shu Hang",+ 1,46,-2,117000,Gelding,Darci Brahma,SWY,1,True,4,1400,GOOD,1170000,C,TURF,40,60,15:00,ST,INNO CENTURY,NZ,Shinko King,2021,52,117000,6.92511013215859,-496.25,0,0,33.8983,15.2542,0,7.5758,25.0,0,99.0,0,6.666666666666667,4,noChange,0.0,0.0
67c4b99c24d83f79bd9f4204,5,2025-05-10,HK_2022_H151,0,5,7,,H151,Bay/Brown,46,Classic Rush,24,9,TT,121,H151,13,1046,8,PPG,0,False,WEC,8/12/4/4/9/9,電子宇宙,E UNIVERSE,,Jeffrey Yim Tsz Yu,* 1,44,-2,140400,Gelding,Super One,FC,1,False,4,1400,GOOD,1170000,C,TURF,40,60,15:00,ST,E UNIVERSE,AUS,Charge Forward,2020,59,2141025,7.418181818181818,-1328.8461538461538,0,0,17.6471,5.8824,0,12.4183,29.4118,0,99.0,0,6.7894736842105265,26,noChange,0.0,0.0
67c4b3a124d83f79bd9f319d,5,2025-05-10,HK_2021_G128,0,6,0,1.21.85,G128,Bay,45,Comme Tu Veux,13,12,CP-/XB/V2,120,G128,14,1148,-1,PPG,0,False,YML,9/6/3/10/8/4,聚風雲,SMILING COLLECTOR,,Fung Kok Po,+ 1,43,-2,228150,Gelding,Turn Me Loose,TKH,1,True,4,1400,GOOD,1170000,C,TURF,40,60,15:00,ST,SMILING COLLECTOR,NZ,Howbaddouwantit,2019,51,3379650,7.692682926829268,-1205.4166666666667,0,0,15.625,3.9062,0,7.8652,24.7191,0,4.0,0,6.275862068965517,36,noChange,0.0,25.0
67c4b3a124d83f79bd9f30f3,6,2025-05-10,HK_2023_J222,0,4,7,1.08.91,J222,Bay,60,Fire Gully,27,8,V,135,J222,1,1173,-2,PPG,0,False,WEC,2/2/2/2/2/11,快樂高球,ENJOY GOLF,,Wong Chun Tat,+ 1,60,0,1363050,Gelding,Pariah,LFC,1,True,4,1200,GOOD,1170000,C,TURF,40,60,15:30,ST,ENJOY GOLF,AUS,Pierro,2021,60,2246400,7.034965034965035,-534.5833333333334,0,0,17.6471,5.8824,0,11.875,31.25,0,2.75,0,3.3333333333333335,12,noChange,0.0,100.0
67fd69af0ff69365f6809ebc,6,2025-05-10,HK_2024_K246,0,3,0,1.09.23,K246,Bay,58,Devil In Her Heart,41,10,TT,133,K246,2,1231,0,PPG,0,False,FEL,1,小鳥天堂,LITTLE PARADISE,,Ko Kam Piu,+ * 1,58,6,655200,Gelding,Toronado,TKH,1,True,4,1200,GOOD,1170000,C,TURF,40,60,15:30,ST,LITTLE PARADISE,AUS,Star Witness,2022,52,655200,6.7299270072992705,-195.0,0,0,29.0323,8.3871,0,7.8652,24.7191,0,0.0,0,1.0,1,noChange,100.0,100.0
67f20b16748e58ad3f4f8e65,6,2025-05-10,HK_2024_K237,0,3,0,1.09.25,K237,Bay,58,Divine Centuri,34,11,TT,133,K237,3,1201,0,PPG,0,False,YML,3/1,勇闖高峰,MOUNT EVEREST,,Kendrick Wong Chun Kit,+ 1,58,0,789750,Gelding,Exceed And Excel,SWY,1,True,4,1200,GOOD,1170000,C,TURF,40,60,15:30,ST,MOUNT EVEREST,AUS,I Am Invincible,2022,52,789750,6.5234375,-450.0,0,0,15.625,3.9062,0,7.5758,25.0,0,1.25,0,3.0,2,noChange,50.0,100.0
67c4b3a124d83f79bd9f4120,6,2025-05-10,HK_2023_J311,0,4,3,1.09.29,J311,Bay,54,Jevilla,38,6,XB,129,J311,4,1212,-5,PPG,0,False,CCY,10/5/13/7/4/1,開心樂園,HAPPY PARK,,Wong Man Ching,* 1,54,-2,1170000,Gelding,Duporth,LKW,1,False,4,1200,GOOD,1170000,C,TURF,40,60,15:30,ST,HAPPY PARK,AUS,Reward For Effort,2021,51,1170000,6.545454545454546,-599.0909090909091,0,0,17.2727,7.2727,0,11.2676,30.9859,0,0.625,0,5.428571428571429,11,noChange,0.0,0.0
67c4b3a124d83f79bd9f3230,6,2025-05-10,HK_2024_K267,0,4,0,1.10.28,K267,Bay,54,Buroog,27,2,XB-/TT1,129,K267,5,1174,15,PP,0,False,LDE,9/10/9/11/13,赤霞,SAL,,Rich Style Syndicate,* 1,54,-3,0,Filly,Starspangledbanner,N/A,1,False,4,1200,GOOD,1170000,C,TURF,40,60,15:30,ST,SAL,AUS,Artie Schiller,2021,64,0,6.048611111111111,-1638.0,0,0,20.7207,6.3063,0,0.0,0.0,0,7.75,0,10.0,5,noChange,0.0,0.0
67c4b3a124d83f79bd9f3176,6,2025-05-10,HK_2022_H134,0,5,0,1.09.53,H134,Bay,52,Fair Maiden,27,5,B/TT,127,H134,6,1097,-3,PP,0,False,CML,3/8/3/7/4/8,精益大師,LEAN MASTER,,Cheng Wan Wai & Cheng Tsz Yan,* 1,52,0,1014390,Gelding,Havana Grey,YCH,1,False,4,1200,GOOD,1170000,C,TURF,40,60,15:30,ST,LEAN MASTER,GB,Carnegie,2020,56,3412890,6.23943661971831,-909.3333333333334,0,0,20.6667,5.3333,0,7.6923,19.2308,0,3.0,0,5.32,30,noChange,0.0,50.0
67f20b16748e58ad3f4f8e68,6,2025-05-10,HK_2024_K297,0,3,0,1.09.89,K297,Brown,52,Irish Cream,34,3,TT,127,K297,7,1136,-11,PPG,0,False,AVB,6,葳莉非凡,PEJIBAYE,,Henry Chuang Yueheng,* 1,52,0,23400,Gelding,Per Incanto,RW,1,False,4,1200,GOOD,1170000,C,TURF,40,60,15:30,ST,PEJIBAYE,NZ,O'Reilly,2022,52,23400,5.486111111111111,-855.0,0,0,33.3333,12.1212,0,8.1081,22.5225,0,2.25,0,6.0,1,noChange,0.0,0.0
67f20b16748e58ad3f4f8e72,6,2025-05-10,HK_2024_K272,0,3,0,1.09.76,K272,Bay,50,Infra Dig,27,9,B1,125,K272,8,1104,-14,PPG,0,False,AA,6/8,金多囍,GLACIATED,,"Alan Chiu Chun Ming, Sandy Cheng Chuk Wah & Wilson Law Chi Yin",* 1,50,-2,23400,Gelding,Frosted,NPC,1,False,4,1200,GOOD,1170000,C,TURF,40,60,15:30,ST,GLACIATED,AUS,Exceed And Excel,2022,52,23400,6.81294964028777,-805.0,0,0,33.8983,15.2542,0,4.8485,22.4242,0,4.5,0,6.0,2,noChange,0.0,0.0
67c4b3a124d83f79bd9f40b5,6,2025-05-10,HK_2023_J108,0,5,2,1.09.54,J108,Chestnut,50,Scream Blue Murder,34,12,B/TT,125,J108,9,1139,4,PP,0,False,CJE,14/10/2/5/5/13,挺秀騰飛,RUN RAN RUN,,Yip Yuk Kit,* 1,50,-2,327600,Gelding,No Nay Never,MWK,1,False,4,1200,GOOD,1170000,C,TURF,40,60,15:30,ST,RUN RAN RUN,IRE,Oratorio,2020,61,327600,7.3884297520661155,-1366.0,0,0,21.0526,4.2105,0,8.6331,23.741,0,3.5833333333333335,0,9.0,10,noChange,0.0,0.0
67c4b3a124d83f79bd9f4142,6,2025-05-10,HK_2023_J388,0,4,0,1.09.22,J388,Bay,49,Watch Her Go,118,7,CP1,124,J388,10,1170,-9,PPG,0,False,PMF,8/6/3/4,勤德俱備,FLYING DOUBLE,,Raymond Tsang Heung Tak & Kenneth Tsang Heung Kan,* 1,49,-2,228150,Gelding,Shamexpress,HAD,1,False,4,1200,GOOD,1170000,C,TURF,40,60,15:30,ST,FLYING DOUBLE,NZ,Savabeel,2021,52,228150,6.288732394366197,-612.5,0,0,19.1617,4.7904,0,4.1322,20.6612,0,2.25,0,5.666666666666667,4,noChange,0.0,0.0
67c4b3a124d83f79bd9f4014,6,2025-05-10,HK_2022_H343,0,5,0,1.09.02,H343,Chestnut,49,Luna Azzura,34,1,TT,124,H343,11,1059,0,PPG,0,False,TBE,1/12/4/11/7/10,海藍寶,SEA SAPPHIRE,,HK Golf Club Racing Syndicate,* 1,49,6,725400,Gelding,Husson,EDJ,1,False,4,1200,GOOD,1170000,C,TURF,40,60,15:30,ST,SEA SAPPHIRE,AUS,Magnus,2020,48,1567800,5.26241134751773,-985.0,0,0,17.7966,3.3898,0,10.084,26.8908,0,2.6666666666666665,0,6.545454545454546,15,noChange,100.0,100.0
67c4b3a124d83f79bd9f4152,6,2025-05-10,HK_2024_K047,0,4,0,1.09.32,K047,Brown,48,Lazulia,48,4,B,123,K047,12,1135,4,PPG,0,False,OJM,9/14/6,勁騷,KING SHOW,,HKPCA Syndicate,* 1,48,-2,23400,Gelding,Redwood,TYS,1,False,4,1200,GOOD,1170000,C,TURF,40,60,15:30,ST,KING SHOW,NZ,Zabeel,2021,52,23400,5.618055555555555,-1608.3333333333333,0,0,16.9643,4.4643,0,7.3684,17.8947,0,6.0,0,10.0,3,noChange,0.0,0.0
67c4b3a124d83f79bd9f40ab,7,2025-05-10,HK_2023_J136,0,4,0,1.38.24,J136,Grey,79,Spirit Of Ecstasy,59,5,B/XB,135,J136,1,1201,-6,PP,0,False,BH,12/7/9/2/3/1,精英雄心,TALENTS AMBITION,,Talentogether Syndicate,1,79,-1,2099900,Gelding,Into Mischief,N/A,1,False,3,1650,SEALED,2050000,,ALL WEATHER TRACK,60,80,16:05,ST,TALENTS AMBITION,AUS,Congrats,2021,70,5143550,,-1238.8461538461538,0,0,38.0682,13.0682,0,0.0,0.0,0,99.0,0,0.0,14,noChange,0.0,0.0
67c4b3a124d83f79bd9f31a4,7,2025-05-10,HK_2021_G213,0,6,0,1.38.69,G213,Chestnut,78,Dubleanny,20,4,P,134,G213,2,1210,10,PPG,0,False,HAA,6/6/8/3/10/4,魅力寶駒,BUNDLE OF CHARM,,Mr & Mrs Colin Lo Chor Cheong,* 1,78,-2,1489400,Gelding,All Too Hard,SJJ,1,False,3,1650,SEALED,2050000,,ALL WEATHER TRACK,60,80,16:05,ST,BUNDLE OF CHARM,AUS,Dubleo,2019,96,12128300,,-997.8125,0,0,22.7848,6.3291,0,15.2284,38.5787,0,99.0,0,0.0,48,noChange,0.0,16.6667
67c4b3a124d83f79bd9f31bb,7,2025-05-10,HK_2022_H165,0,6,0,1.37.77,H165,Grey,79,Longing,17,8,PC/TT,133,H165,3,1133,12,PP,0,False,OJM,11/6/9/7/12/10,都靈福星,TURIN MASCOT,,"Dr Sheldon Tse Hiu Tung, Ken Huang Jian Hua & Tsoi Huk Yam",1,77,-2,1547800,Gelding,Caravaggio,NPC,1,False,3,1650,SEALED,2050000,,ALL WEATHER TRACK,60,80,16:05,ST,TURIN MASCOT,IRE,Galileo,2019,76,7009750,,-866.4285714285714,0,0,16.9643,4.4643,0,4.8485,22.4242,0,99.0,0,0.0,28,noChange,0.0,0.0
67c4b3a124d83f79bd9f31b5,7,2025-05-10,HK_2023_J200,0,4,0,1.38.34,J200,Brown,72,Hateel,45,9,V/TT,128,J200,4,1130,-4,PPG,0,False,YML,2/4/1/1/1/4,天威,NEVER PETER OUT,,Herbert Cheung Po Lun,1,72,2,3871850,Gelding,Grunt,LFC,1,False,3,1650,SEALED,2050000,,ALL WEATHER TRACK,60,80,16:05,ST,NEVER PETER OUT,AUS,Star Witness,2021,44,3912800,,-867.8571428571429,0,0,15.625,3.9062,0,11.875,31.25,0,99.0,0,0.0,14,noChange,33.3333,66.6667
67c4b3a124d83f79bd9f31bd,7,2025-05-10,HK_2021_G223,0,7,0,1.38.87,G223,Bay,69,Garra Molly,27,10,B/TT,125,G223,5,1197,-15,PP,0,False,FEL,10/11/1/11/2/1,艾莉奧,ARIEL,,Martin Siu Kim Sun,1,69,0,2048900,Gelding,Exceed And Excel,HDA,1,False,3,1650,SEALED,2050000,,ALL WEATHER TRACK,60,80,16:05,ST,ARIEL,IRE,Nayef,2018,61,5361850,,-1199.6052631578948,0,0,29.0323,8.3871,0,9.3264,23.3161,0,99.0,0,0.0,38,noChange,25.0,25.0
67c4b3a124d83f79bd9f31b6,7,2025-05-10,HK_2023_J015,0,5,0,1.38.26,J015,Brown,68,Udiditagain,45,3,V-/SR/B2,124,J015,6,1075,-11,PPG,0,False,AVB,12/10/3/2/7/2,堅闖,FIGHTING MACHINE,,Anthony Cheung Hin Shun,2,68,-2,2981650,Gelding,War Decree,NPC,2,False,3,1650,SEALED,2050000,,ALL WEATHER TRACK,60,80,16:05,ST,FIGHTING MACHINE,NZ,D'Cash,2020,57,4081450,,-1097.75,0,0,33.3333,12.1212,0,4.8485,22.4242,0,99.0,0,0.0,20,noChange,0.0,50.0
67c4b3a124d83f79bd9f31ab,7,2025-05-10,HK_2023_J279,0,4,0,,J279,Bay,65,Best Of British,20,7,TT,122,J279,7,1042,-4,PPG,0,False,CML,3/2/-/1/1/4,皇龍飛將,DRAGON AIR FORCE,,Au Kai Kwong & Michelle Jessica Au,2,66,1,1812150,Gelding,Swiss Ace,YPF,2,False,3,1650,SEALED,2050000,,ALL WEATHER TRACK,60,80,16:05,ST,DRAGON AIR FORCE,NZ,More Than Ready,2021,52,1882350,,-771.0,0,0,20.6667,5.3333,0,9.7222,32.6389,0,99.0,0,0.0,10,noChange,0.0,100.0
67c4b3a124d83f79bd9f313f,7,2025-05-10,HK_2024_K190,0,4,0,1.38.86,K190,Grey,67,Desequilibrada,10,2,CP/TT,121,K190,8,1000,6,PP,0,False,PMF,11/5/9/10/9/14,凱明神駒,ALLCASH,,Harmony Racing Syndicate,1,65,-2,71750,Gelding,Kentuckian,SCS,1,False,3,1650,SEALED,2050000,,ALL WEATHER TRACK,60,80,16:05,ST,ALLCASH,BRZ,Redattore,2021,82,71750,,-1362.2222222222222,0,0,19.1617,4.7904,0,3.5714,18.5714,0,99.0,0,0.0,9,noChange,0.0,0.0
67c4b3a124d83f79bd9f4181,7,2025-05-10,HK_2023_J486,0,4,0,1.38.05,J486,Bay,58,Attracted,20,6,V,121,J486,9,1099,-1,PPG,0,False,PZ,1/1/2/10/7/3,超加加,CHILL KAKA,,Kathleen Shi Pui Ka,1,65,7,1035450,Gelding,Shooting To Win,YPF,1,False,3,1650,SEALED,2050000,,ALL WEATHER TRACK,60,80,16:05,ST,CHILL KAKA,AUS,Commands,2021,52,1035450,,-796.6666666666666,0,0,40.404,22.2222,0,9.7222,32.6389,0,99.0,0,0.0,6,noChange,66.6667,100.0
680d98e09330c66cb4bc713d,7,2025-05-10,HK_2024_K351,0,4,2,,K351,Bay,66,Cabaret,13,11,CP1/TT,120,K351,10,1009,-7,PP,0,False,MHT,8/14,勁步速,FAST SPEED,,Howard Tai Wai Yin & Yim Hin Keung,2,64,-2,0,Gelding,Kingman,SCS,2,False,3,1650,SEALED,2050000,,ALL WEATHER TRACK,60,80,16:05,ST,FAST SPEED,GB,Galileo,2021,66,0,,-1435.0,0,0,13.6364,4.5455,0,3.5714,18.5714,0,99.0,0,0.0,2,noChange,0.0,0.0
67c4b3a124d83f79bd9f30ae,7,2025-05-10,HK_2022_H233,0,5,10,,H233,Brown,62,Tiffany's Diamond,17,1,V,117,H233,11,1158,-5,PPG,0,False,WPN,12/11/3/1/3/3,北海盜,NORTHERN BEAST,,"Ngai Man, Amy Wang Hong & Doris Ngai Yan Tung",* 1,61,-1,1335550,Gelding,Maurice,HAD,1,False,3,1650,SEALED,2050000,,ALL WEATHER TRACK,60,80,16:05,ST,NORTHERN BEAST,AUS,Northern Meteor,2020,58,3789500,,-1218.076923076923,0,0,17.3913,7.2464,0,4.1322,20.6612,0,99.0,0,0.0,26,noChange,0.0,33.3333
67c4b3a124d83f79bd9f3123,8,2025-05-10,HK_2023_J443,0,3,0,1.20.93,J443,Bay,76,Sherbet Bomb,20,2,,135,J443,1,991,10,PPG,0,False,AVB,2/1/1/2/1/3,至尊高超,JUNEAU PRIDE,,June Wong Wai Man,1,79,3,3754950,Gelding,Pride Of Dubai,SJJ,1,False,3,1400,GOOD,1860000,C,TURF,60,80,16:35,ST,JUNEAU PRIDE,AUS,Snitzel,2022,52,3754950,6.543859649122807,-378.75,0,0,33.3333,12.1212,0,15.2284,38.5787,0,0.75,0,1.8,8,noChange,50.0,100.0
67c4b3a124d83f79bd9f3122,8,2025-05-10,HK_2024_K130,0,4,0,1.21.22,K130,Bay,78,Dancer's Rose,27,3,XB,134,K130,2,1220,0,PP,0,False,PZ,2/3/1/3/4/5,光年魅力,LIGHT YEARS CHARM,,Zhao Guoming & Xiao Bing,1,78,3,3558550,Gelding,Rubick,N/A,1,False,3,1400,GOOD,1860000,C,TURF,60,80,16:35,ST,LIGHT YEARS CHARM,AUS,Dehere,2021,64,3558550,6.92511013215859,-561.6666666666666,0,0,40.404,22.2222,0,0.0,0.0,0,0.65,0,3.0,6,noChange,33.3333,100.0
67c4b3a124d83f79bd9f3216,8,2025-05-10,HK_2023_J249,0,4,0,1.22.03,J249,Bay,75,Angel Child,62,10,V,131,J249,3,1101,7,PP,0,False,AA,13/14/8/11/7/4,壯志凌雲,TOP GUN,,Li Xiting,1,75,-2,577800,Gelding,Time Test,N/A,1,False,3,1400,GOOD,1860000,C,TURF,60,80,16:35,ST,TOP GUN,NZ,Anabaa,2021,79,3119400,7.462962962962963,-1119.5,0,0,33.8983,15.2542,0,0.0,0.0,0,4.375,0,8.4,11,noChange,0.0,0.0
67c4b3a124d83f79bd9f323f,8,2025-05-10,HK_2024_K005,0,4,0,1.21.20,K005,Bay,73,Our Squeezer,20,4,CP,129,K005,4,1107,0,PPG,0,False,BH,4/1/3/2/1/1,不同世界,ANOTHER WORLD,,Jackson So Hoi Wing,1,73,0,2978350,Gelding,Kermadec,YTP,1,False,3,1400,GOOD,1860000,C,TURF,60,80,16:35,ST,ANOTHER WORLD,AUS,Redoute's Choice,2021,52,2978350,6.719298245614035,-333.75,0,0,38.0682,13.0682,0,5.8824,23.5294,0,0.5833333333333334,0,2.6,8,noChange,33.3333,66.6667
681ebee841dab36c40259fce,8,2025-05-10,HK_2024_K385,0,4,0,,K385,Bay,69,Chaplet,999,6,TT1,125,K385,5,1152,0,PP,0,False,BA,-,君子傳承,GENTLEMEN LEGACY,,Gentlemen Club Syndicate,1,69,0,0,Gelding,Showtime,CAS,1,False,3,1400,GOOD,1860000,C,TURF,60,80,16:35,ST,GENTLEMEN LEGACY,AUS,Street Cry,2021,69,0,6.9868421052631575,,0,0,24.3902,10.9756,0,7.0423,21.1268,0,99.0,0,0.0,0,noChange,0.0,0.0
67c4b3a124d83f79bd9f4145,8,2025-05-10,HK_2024_K009,0,4,0,1.22.20,K009,Brown,70,Dazzling Rose,6,7,H/XB,124,K009,6,1042,-3,PP,0,False,OJM,10/10,瑞祺威楓,PRESTIGE RICKY,,23/24 Ricky Yiu Trainer Syndicate,1,68,-2,0,Gelding,Calyx,YPF,1,False,3,1400,GOOD,1860000,C,TURF,60,80,16:35,ST,PRESTIGE RICKY,GB,Raven's Pass,2021,70,0,7.058558558558558,-1035.0,0,0,16.9643,4.4643,0,9.7222,32.6389,0,99.0,0,0.0,2,noChange,0.0,0.0
67fd69af0ff69365f6809ea0,8,2025-05-10,HK_2023_J458,0,4,0,,J458,Chestnut,66,Ship Of Dreams,20,1,CP/XB/TT1,120,J458,7,1160,15,PP,0,False,CML,12/9,利不可擋,CHEVAL VICTORIOUS,,Cheval Syndicate,* 1,64,-2,0,Gelding,Zoustar,WDJ,1,False,3,1400,GOOD,1860000,C,TURF,60,80,16:35,ST,CHEVAL VICTORIOUS,GB,Lope de Vega,2021,66,0,6.457777777777777,-1810.0,0,0,20.6667,5.3333,0,4.7244,15.748,0,99.0,0,0.0,2,noChange,0.0,0.0
67c4b3a124d83f79bd9f314d,8,2025-05-10,HK_2021_G209,0,7,0,1.21.61,G209,Brown,64,Tear Gas,31,8,B/TT,120,G209,8,1007,-8,PP,0,False,HAA,6/10/9/11/2/4,自力更生,RISING FROM ASHES,,Chan Chi Kong,* 1,64,-2,604500,Gelding,Shamus Award,CCW,1,False,3,1400,GOOD,1860000,C,TURF,60,80,16:35,ST,RISING FROM ASHES,AUS,High Chaparral,2018,75,6962475,7.45045045045045,-1153.7837837837837,0,0,22.7848,6.3291,0,1.9048,15.2381,0,5.0,0,6.964285714285714,37,noChange,0.0,0.0
67c4b3a124d83f79bd9f315a,8,2025-05-10,HK_2024_K164,0,4,2,1.22.90,K164,Bay,64,Sequilla,6,11,TT,118,K164,9,1008,-8,PP,0,False,MHT,11/14/13,銳者勝,MR VIGOR,,23/24 Danny Shum Chap Shing Trainer Syndicate (2),1,62,-2,0,Colt,Sea The Stars,SCS,1,False,3,1400,GOOD,1860000,C,TURF,60,80,16:35,ST,MR VIGOR,IRE,Siyouni,2021,66,0,7.5311004784688995,-2608.3333333333335,0,0,13.6364,4.5455,0,3.5714,18.5714,0,18.25,0,13.5,3,noChange,0.0,0.0
67c4b3a124d83f79bd9f3075,8,2025-05-10,HK_2024_K094,0,4,0,1.21.96,K094,Chestnut,63,Paulownia,20,5,TT,118,K094,10,1128,-5,PP,0,False,HEL,13/4/7/3/4,新意馬,NEW FOREST,,Cheng Yung Pun,1,62,-1,470350,Gelding,Justify,NM,1,False,3,1400,GOOD,1860000,C,TURF,60,80,16:35,ST,NEW FOREST,AUS,Fastnet Rock,2021,64,470350,7.065502183406114,-1198.0,0,0,23.4043,5.6738,0,7.3826,24.8322,0,99.0,0,5.5,5,noChange,0.0,25.0
67c4b3a124d83f79bd9f4154,8,2025-05-10,HK_2023_J487,0,4,0,,J487,Chestnut,62,Avanti Rose,20,9,CP-/TT,117,J487,11,1090,0,PPG,0,False,PMF,7/10/8/2/1,喵喵怪,MEOWTH,,Liu Shun Hong,+ 1,61,-1,1045800,Gelding,Showtime,MWK,1,True,3,1400,GOOD,1860000,C,TURF,60,80,16:35,ST,MEOWTH,AUS,Ambidexter,2021,52,1045800,7.418181818181818,-887.0,0,0,19.1617,4.7904,0,8.6331,23.741,0,99.0,0,1.5,5,noChange,0.0,0.0
67c4b3a124d83f79bd9f40b2,9,2025-05-10,HK_2022_H410,0,4,0,1.08.21,H410,Bay,78,Boomex,13,10,B,135,H410,1,1205,11,PPG,0,False,OJM,2/8/5/13/6/10,龍之輝,CALL ME GLORIOUS,,Philip Liu Chun Hang,+ 1,79,1,706100,Gelding,No Nay Never,LKW,1,True,3,1200,GOOD,1860000,C,TURF,60,80,17:10,ST,CALL ME GLORIOUS,AUS,Exceed And Excel,2021,86,4543100,6.7299270072992705,-710.7142857142857,0,0,16.9643,4.4643,0,11.2676,30.9859,0,3.75,0,5.333333333333333,15,noChange,0.0,33.3333
67c4b3a124d83f79bd9f3232,9,2025-05-10,HK_2022_H439,0,4,0,1.08.44,H439,Bay,76,La Comedienne,34,11,E,132,H439,2,1143,7,PPG,0,False,BH,2/1/2/2/9/4,健康快車,LIFELINE EXPRESS,,Dr Eddy & Nellie Fong,1,76,1,3175200,Gelding,Shooting To Win,SJJ,1,False,3,1200,GOOD,1860000,C,TURF,60,80,17:10,ST,LIFELINE EXPRESS,AUS,Commands,2021,59,4754700,6.5234375,-703.3333333333334,0,0,38.0682,13.0682,0,15.2284,38.5787,0,1.3166666666666667,0,3.4285714285714284,18,noChange,25.0,100.0
67c4b3a124d83f79bd9f3125,9,2025-05-10,HK_2023_J534,0,4,0,1.08.58,J534,Bay,72,Fine Scent,20,4,V/XB/TT,129,J534,3,1269,4,PP,0,False,LDE,3/1/7/4/6/3,風再起時,AERIS NOVA,,Tai Woon Shing & Timon Tai,1,73,1,2941500,Colt,Justify,YTP,1,False,3,1200,GOOD,1860000,C,TURF,60,80,17:10,ST,AERIS NOVA,AUS,All Too Hard,2021,72,2941500,5.618055555555555,-722.2222222222222,0,0,20.7207,6.3063,0,5.8824,23.5294,0,1.4166666666666667,0,5.0,9,noChange,25.0,50.0
67c4b3a124d83f79bd9f329e,9,2025-05-10,HK_2022_H364,0,4,10,1.09.02,H364,Brown,73,Devil's Harmony,13,6,B/TT,129,H364,4,1116,-3,PPG,0,False,WPN,3/5/8/1/1/4,非凡達,SUPER LEGENDS,,Lai Tat Ming,1,73,0,3019650,Gelding,Brave Smash,SCS,1,False,3,1200,GOOD,1860000,C,TURF,60,80,17:10,ST,SUPER LEGENDS,AUS,Pentire,2021,49,4411950,6.545454545454546,-737.0,0,0,17.3913,7.2464,0,3.5714,18.5714,0,1.4166666666666667,0,4.066666666666666,20,noChange,0.0,33.3333
6811a8400f79d69b291014e4,9,2025-05-10,HK_2024_K261,0,3,0,,K261,Chestnut,71,Durban Bourbon,27,9,XB,127,K261,5,1053,2,PP,0,False,PZ,8,百威多贏,ONE MORE,,"Dr & Mrs Johnny Ng Sai Chun, Raymond Ng Lok Man and Kevin Ng King Man",1,71,0,0,Gelding,One World,NM,1,False,3,1200,GOOD,1860000,C,TURF,60,80,17:10,ST,ONE MORE,SAF,Trippi,2022,71,0,6.81294964028777,-1235.0,0,0,40.404,22.2222,0,7.3826,24.8322,0,99.0,0,8.0,1,noChange,0.0,0.0
67c4b3a124d83f79bd9f3144,9,2025-05-10,HK_2022_H059,0,5,0,1.08.51,H059,Chestnut,68,Tranquil Harmony,13,1,TT,123,H059,6,1168,3,PPG,0,False,CML,7/4/8/1/6/7,正氣青驅,RIGHTEOUS ARION,,Gentlemen's League Syndicate,2,67,-1,1841400,Gelding,Rich Enuff,CAS,2,False,3,1200,GOOD,1860000,C,TURF,60,80,17:10,ST,RIGHTEOUS ARION,AUS,Dream Ahead,2020,65,5810175,5.26241134751773,-655.2941176470588,0,0,20.6667,5.3333,0,7.0423,21.1268,0,2.1666666666666665,0,3.8,34,noChange,25.0,25.0
67fd69af0ff69365f6809ea8,9,2025-05-10,HK_2024_K109,0,4,0,,K109,Bay,66,Princess Carolina,41,2,H/TT,122,K109,7,949,17,PP,0,False,HAA,11,神異金剛,MARVEL AND GOLD,,Victor Hui Chun Fui,+ 1,66,0,0,Gelding,Swiss Ace,N/A,1,True,3,1200,GOOD,1860000,C,TURF,60,80,17:10,ST,MARVEL AND GOLD,NZ,More Than Ready,2021,66,0,6.048611111111111,-1795.0,0,0,22.7848,6.3291,0,0.0,0.0,0,99.0,0,11.0,1,noChange,0.0,0.0
67f5f39566a4f59dbf124849,9,2025-05-10,HK_2024_K258,0,3,0,,K258,Bay,66,Sassy Dresser,27,8,,122,K258,8,1105,9,PP,0,False,HEL,6/7,至尊瑰寶,REGAL GEM,,Everest Syndicate,* 1,66,-2,37200,Gelding,Zoustar,LFC,1,False,3,1200,GOOD,1860000,C,TURF,60,80,17:10,ST,REGAL GEM,GB,Kingman,2022,68,37200,7.034965034965035,-770.0,0,0,23.4043,5.6738,0,11.875,31.25,0,99.0,0,6.0,2,noChange,0.0,0.0
67c4b3a124d83f79bd9f3260,9,2025-05-10,HK_2024_K183,0,3,0,1.09.01,K183,Bay,64,Belhamage,27,5,,120,K183,9,1117,-8,PPG,0,False,AA,1/4/2,魅影戈飛,AHREN,,Mr & Mrs Tam Kwok Cheung,1,64,10,971100,Gelding,Hellbent,YPF,1,False,3,1200,GOOD,1860000,C,TURF,60,80,17:10,ST,AHREN,AUS,Exceed And Excel,2022,52,971100,6.23943661971831,-208.33333333333334,0,0,33.8983,15.2542,0,9.7222,32.6389,0,0.375,0,1.5,3,noChange,33.3333,66.6667
681ebee841dab36c40259fcf,9,2025-05-10,HK_2024_K364,0,3,3,,K364,Bay,64,Zara Bay,999,12,TT1,120,K364,10,1047,0,PP,0,False,CCY,-,加州勇勝,CALIFORNIA BAY,,Chester Liang Jun Yu,1,64,0,0,Gelding,Dundeel,CAS,1,False,3,1200,GOOD,1860000,C,TURF,60,80,17:10,ST,CALIFORNIA BAY,AUS,Fastnet Rock,2022,64,0,7.3884297520661155,,0,0,17.2727,7.2727,0,7.0423,21.1268,0,99.0,0,0.0,0,noChange,0.0,0.0
680d98e09330c66cb4bc7136,9,2025-05-10,HK_2024_K192,0,3,0,1.09.73,K192,Bay,64,Special Miss,13,7,TT,118,K192,11,1058,3,PP,0,False,TBE,10/13,大回報,BIG RETURN,,Toast Sports Trust Syndicate,1,62,-2,0,Gelding,Divine Prophet,SWY,1,False,3,1200,GOOD,1860000,C,TURF,60,80,17:10,ST,BIG RETURN,AUS,Darci Brahma,2022,64,0,6.288732394366197,-1175.0,0,0,17.7966,3.3898,0,7.5758,25.0,0,4.75,0,11.5,2,noChange,0.0,0.0
67f20b16748e58ad3f4f8e71,9,2025-05-10,HK_2024_K132,0,3,0,1.10.08,K132,Brown,64,Planet Rock,10,3,,116,K132,12,1027,-9,PP,0,False,YML,8/11/13,團結戰靈,GENIUS BABY,,"Mr & Mrs Pang Wai Hak, Frankie Pang Ka Yeung and Andy Pang Ka Wai",1,60,-2,0,Gelding,Too Darn Hot,N/A,1,False,3,1200,GOOD,1860000,C,TURF,60,80,17:10,ST,GENIUS BABY,AUS,Fastnet Rock,2022,64,0,5.486111111111111,-1325.0,0,0,15.625,3.9062,0,0.0,0.0,0,7.0,0,12.0,3,noChange,0.0,0.0
67c4b3a124d83f79bd9f4104,10,2025-05-10,HK_2023_J358,0,4,0,1.08.36,J358,Bay,103,Alberta,41,1,B/TT,135,J358,1,1159,1,PPG,0,False,BH,1/1/4/3/4/4,舉步生風,FAST NETWORK,,Ng Hung Yau,1,103,11,6899250,Gelding,Wrote,YCH,1,False,2,1200,GOOD,2840000,C,TURF,80,105,17:45,ST,FAST NETWORK,NZ,Magic Albert,2021,60,7554450,5.26241134751773,-257.22222222222223,0,0,38.0682,13.0682,0,7.6923,19.2308,0,1.5,0,2.5714285714285716,10,noChange,100.0,100.0
67c4b99c24d83f79bd9f41b7,10,2025-05-10,HK_2023_J316,0,4,0,1.08.26,J316,Bay/Brown,91,Miss Ethics,20,6,TT,132,J316,2,1047,-11,PPG,0,False,PZ,1/2/6/1/3/6,天天同樂,BOTTOMUPTOGETHER,,So Kai Sing,1,100,9,4614000,Gelding,Shamus Award,LFC,1,False,2,1200,GOOD,2840000,C,TURF,80,105,17:45,ST,BOTTOMUPTOGETHER,AUS,Count Dubois,2021,79,6966000,6.545454545454546,-306.8181818181818,0,0,40.404,22.2222,0,11.875,31.25,0,2.4166666666666665,0,2.0,11,noChange,33.3333,66.6667
67c4b3a124d83f79bd9f4029,10,2025-05-10,HK_2022_H411,0,4,0,1.08.29,H411,Chestnut,98,Could Be Something,125,3,,130,H411,3,1235,7,PPG,0,False,AVB,5/5/2/1/1/1,氣勢,WUNDERBAR,,The Hon & Mrs Andrew Li Kwok Nang,1,98,0,4427200,Gelding,Rich Enuff,SJJ,1,False,2,1200,GOOD,2840000,C,TURF,80,105,17:45,ST,WUNDERBAR,AUS,General Nediym,2021,80,8211400,5.486111111111111,-524.5,0,0,33.3333,12.1212,0,15.2284,38.5787,0,2.1666666666666665,0,2.25,10,noChange,0.0,0.0
67c4b3a124d83f79bd9f312f,10,2025-05-10,HK_2023_J008,0,4,0,1.08.39,J008,Bay,97,Hollywell,27,2,TT,129,J008,4,1159,-8,PPG,0,False,AA,6/5/2/1/2/2,華麗再勝,GORGEOUS WIN,,Yip Kong Wah,1,97,0,6276050,Gelding,Press Statement,SCS,1,False,2,1200,GOOD,2840000,C,TURF,80,105,17:45,ST,GORGEOUS WIN,AUS,Refuse To Bend,2021,80,10846000,6.048611111111111,-588.25,0,0,33.8983,15.2542,0,3.5714,18.5714,0,3.25,0,3.2941176470588234,20,noChange,0.0,33.3333
67c4b3a124d83f79bd9f3231,10,2025-05-10,HK_2024_K168,0,4,0,1.08.44,K168,Bay,87,Pierro Moss,13,5,,126,K168,5,1205,-3,PP,0,False,HEL,1/1/1/11,笑傲江湖,INVINCIBLE SHIELD,,Smiling Proud Wanderer Syndicate,1,94,7,3583200,Colt,I Am Invincible,N/A,1,False,2,1200,GOOD,2840000,C,TURF,80,105,17:45,ST,INVINCIBLE SHIELD,AUS,Pierro,2021,74,3583200,6.23943661971831,-227.5,0,0,23.4043,5.6738,0,0.0,0.0,0,99.0,0,1.0,4,noChange,100.0,100.0
67c4b3a124d83f79bd9f3f89,10,2025-05-10,HK_2022_H175,0,5,0,,H175,Bay,89,Pearl Star,48,7,B/TT,121,H175,6,1186,-15,PP,0,False,LDE,5/5/4/4/3/8,潮州精神,CHIU CHOW SPIRIT,,Charlie Lam Leung Seng & Michael Lam Yau Keng,1,89,-2,2685200,Gelding,Zoustar,N/A,1,False,2,1200,GOOD,2840000,C,TURF,80,105,17:45,ST,CHIU CHOW SPIRIT,AUS,Star Witness,2020,86,10202850,6.288732394366197,-955.8695652173913,0,0,20.7207,6.3063,0,0.0,0.0,0,99.0,0,3.5625,23,noChange,0.0,0.0
67c4b3a124d83f79bd9f3066,10,2025-05-10,HK_2023_J303,0,4,3,1.08.37,J303,Chestnut,89,Kaniana,27,10,TT,121,J303,7,1203,0,PP,0,False,CCY,1/4/1/6/4/8,得道猴王,GUSTOSISIMO,,Edwin Cheung Hon Kit,1,89,7,7495000,Gelding,Exceed And Excel,CAS,1,False,2,1200,GOOD,2840000,C,TURF,80,105,17:45,ST,GUSTOSISIMO,AUS,Canny Lad,2021,67,7532200,6.7299270072992705,-898.1818181818181,0,0,17.2727,7.2727,0,7.0423,21.1268,0,0.0,0,4.0,11,noChange,66.6667,66.6667
67c4b3a124d83f79bd9f31a9,10,2025-05-10,HK_2022_H303,0,6,0,1.09.13,H303,Bay,88,Rainbeam,87,9,CP-/TT,120,H303,8,1189,-20,PP,0,False,FEL,9/5/8/4/7/4,好友心得,TOMODACHI KOKOROE,2,Tak Sum Syndicate,1,88,0,440200,Gelding,Written Tycoon,N/A,1,False,2,1200,GOOD,2840000,C,TURF,80,105,17:45,ST,TOMODACHI KOKOROE,AUS,Fastnet Rock,2019,94,8543420,6.81294964028777,-980.7692307692307,0,0,29.0323,8.3871,0,0.0,0.0,0,5.0,0,4.5,26,noChange,0.0,0.0
67c4b3a124d83f79bd9f31a8,10,2025-05-10,HK_2022_H155,0,5,0,1.08.25,H155,Bay,87,No Pushover,27,4,B,119,H155,9,1145,0,PPG,0,False,PMF,2/1/7/8/2/1,愛馬善,LADY'S CHOICE,,HK Association of Lady Horse Lovers Syndicate,1,87,1,4502400,Gelding,Charm Spirit,CCW,1,False,2,1200,GOOD,2840000,C,TURF,80,105,17:45,ST,LADY'S CHOICE,NZ,Pins,2020,66,8546400,5.618055555555555,-795.3333333333334,0,0,19.1617,4.7904,0,1.9048,15.2381,0,0.4166666666666667,0,4.277777777777778,30,noChange,25.0,50.0
67c4b99c24d83f79bd9f4207,10,2025-05-10,HK_2021_G365,0,6,0,1.09.14,G365,Bay/Brown,87,Parraay,13,11,B/TT,117,G365,10,1051,8,PP,0,False,TBE,6/4/3/3/6/1,舞林密碼,DANCING CODE,,Kwok Fu Shing,1,85,-2,2191800,Gelding,Panzer Division,N/A,1,False,2,1200,GOOD,2840000,C,TURF,80,105,17:45,ST,DANCING CODE,AUS,Excites,2019,84,7756025,6.5234375,-673.2608695652174,0,0,17.7966,3.3898,0,0.0,0.0,0,1.0833333333333333,0,4.421052631578948,23,noChange,0.0,33.3333
67c4b3a124d83f79bd9f3e35,10,2025-05-10,HK_2021_G173,0,6,0,1.09.11,G173,Bay,83,Kellys Ocean Jewel,104,8,B/H/XB,115,G173,11,1069,2,PP,0,False,DMK,8/10/10/9/9/9,增有,ATULLIBIGEAL,2,Zeng Shuida & Ma Yi,1,83,-2,0,Gelding,Street Boss,N/A,1,False,2,1200,GOOD,2840000,C,TURF,80,105,17:45,ST,ATULLIBIGEAL,AUS,Dansili,2019,95,10571525,7.034965034965035,-951.4705882352941,0,0,14.1026,5.1282,0,0.0,0.0,0,1.125,0,5.37037037037037,35,noChange,0.0,0.0
67c4b3a124d83f79bd9f3253,10,2025-05-10,HK_2020_E392,0,6,0,1.08.54,E392,Bay,84,Santa Rocks,10,12,V/TT,115,E392,12,1166,1,PPG,0,False,BA,3/3/7/8/4/8,狀元及第,WHIZZ KID,,Ho Ho King Syndicate,2,83,-1,1232000,Gelding,Shalaa,CAS,2,False,2,1200,GOOD,2840000,C,TURF,80,105,17:45,ST,WHIZZ KID,AUS,Fastnet Rock,2019,98,14000050,7.3884297520661155,-942.5581395348837,0,0,24.3902,10.9756,0,7.0423,21.1268,0,4.083333333333333,0,4.230769230769231,43,noChange,0.0,40.0
